{
  "Modern Country": {
    "frequencies": [
      6.979528427124023,
      36.536746978759766,
      111.5492172241211,
      229.4926300048828,
      426.0224304199219,
      879.460693359375,
      1712.6741943359375,
      3130.313720703125,
      7885.8603515625,
      12752.044921875,
      20228.3515625
    ],
    "gains": [
      -2.0,
      2.5,
      3.5,
      2.0,
      1.0,
      2.5,
      3.5,
      4.0,
      3.5,
      2.5,
      1.5
    ],
    "qs": [
      0.707099974155426,
      0.707099974155426,
      0.707099974155426,
      0.707099974155426,
      0.707099974155426,
      0.707099974155426,
      0.707099974155426,
      0.707099974155426,
      0.707099974155426,
      0.707099974155426,
      0.707099974155426
    ]
  },
  "Hip Hop": {
    "frequencies": [
      6.979528427124023,
      36.536746978759766,
      111.5492172241211,
      229.4926300048828,
      426.0224304199219,
      879.460693359375,
      1712.6741943359375,
      3130.313720703125,
      7885.8603515625,
      12752.044921875,
      20228.3515625
    ],
    "gains": [
      5.5,
      6.5,
      5.0,
      2.0,
      -1.5,
      -2.0,
      -1.0,
      1.5,
      3.0,
      3.5,
      2.0
    ],
    "qs": [
      0.707099974155426,
      0.707099974155426,
      0.707099974155426,
      0.707099974155426,
      0.707099974155426,
      0.707099974155426,
      0.707099974155426,
      0.707099974155426,
      0.707099974155426,
      0.707099974155426,
      0.707099974155426
    ]
  },
  "Hip Hop (Trap)": {
    "frequencies": [
      6.979528427124023,
      36.536746978759766,
      111.5492172241211,
      229.4926300048828,
      426.0224304199219,
      879.460693359375,
      1712.6741943359375,
      3130.313720703125,
      7885.8603515625,
      12752.044921875,
      20228.3515625
    ],
    "gains": [
      7.0,
      8.0,
      6.0,
      1.5,
      -2.5,
      -3.0,
      -1.5,
      2.0,
      4.5,
      5.0,
      3.0
    ],
    "qs": [
      0.707099974155426,
      0.707099974155426,
      0.707099974155426,
      0.707099974155426,
      0.707099974155426,
      0.707099974155426,
      0.707099974155426,
      0.707099974155426,
      0.707099974155426,
      0.707099974155426,
      0.707099974155426
    ]
  },
  "R&B": {
    "frequencies": [
      6.979528427124023,
      36.536746978759766,
      111.5492172241211,
      229.4926300048828,
      426.0224304199219,
      879.460693359375,
      1712.6741943359375,
      3130.313720703125,
      7885.8603515625,
      12752.044921875,
      20228.3515625
    ],
    "gains": [
      3.0,
      5.0,
      4.5,
      3.0,
      1.0,
      0.5,
      1.0,
      2.5,
      3.5,
      4.0,
      2.5
    ],
    "qs": [
      0.707099974155426,
      0.707099974155426,
      0.707099974155426,
      0.707099974155426,
      0.707099974155426,
      0.707099974155426,
      0.707099974155426,
      0.707099974155426,
      0.707099974155426,
      0.707099974155426,
      0.707099974155426
    ]
  },
  "R&B (Smooth)": {
    "frequencies": [
      6.979528427124023,
      36.536746978759766,
      111.5492172241211,
      229.4926300048828,
      426.0224304199219,
      879.460693359375,
      1712.6741943359375,
      3130.313720703125,
      7885.8603515625,
      12752.044921875,
      20228.3515625
    ],
    "gains": [
      2.0,
      4.5,
      5.5,
      4.0,
      2.5,
      1.5,
      1.0,
      1.5,
      2.0,
      2.5,
      1.5
    ],
    "qs": [
      0.707099974155426,
      0.707099974155426,
      0.707099974155426,
      0.707099974155426,
      0.707099974155426,
      0.707099974155426,
      0.707099974155426,
      0.707099974155426,
      0.707099974155426,
      0.707099974155426,
      0.707099974155426
    ]
  },
  "Lo-Fi / Chill": {
    "frequencies": [
      6.979528427124023,
      36.536746978759766,
      111.5492172241211,
      229.4926300048828,
      426.0224304199219,
      879.460693359375,
      1712.6741943359375,
      3130.313720703125,
      7885.8603515625,
      12752.044921875,
      20228.3515625
    ],
    "gains": [
      -1.0,
      3.5,
      5.0,
      4.5,
      3.0,
      1.5,
      0.0,
      -1.5,
      -3.5,
      -5.0,
      -6.5
    ],
    "qs": [
      0.707099974155426,
      0.707099974155426,
      0.707099974155426,
      0.707099974155426,
      0.707099974155426,
      0.707099974155426,
      0.707099974155426,
      0.707099974155426,
      0.707099974155426,
      0.707099974155426,
      0.707099974155426
    ]
  },
  "Electronic / EDM": {
    "frequencies": [
      6.979528427124023,
      36.536746978759766,
      111.5492172241211,
      229.4926300048828,
      426.0224304199219,
      879.460693359375,
      1712.6741943359375,
      3130.313720703125,
      7885.8603515625,
      12752.044921875,
      20228.3515625
    ],
    "gains": [
      6.0,
      7.5,
      4.0,
      0.0,
      -3.0,
      -3.5,
      -2.0,
      2.0,
      5.0,
      6.0,
      5.0
    ],
    "qs": [
      0.707099974155426,
      0.707099974155426,
      0.707099974155426,
      0.707099974155426,
      0.707099974155426,
      0.707099974155426,
      0.707099974155426,
      0.707099974155426,
      0.707099974155426,
      0.707099974155426,
      0.707099974155426
    ]
  },
  "Podcast / Spoken Word": {
    "frequencies": [
      6.979528427124023,
      36.536746978759766,
      111.5492172241211,
      229.4926300048828,
      426.0224304199219,
      879.460693359375,
      1712.6741943359375,
      3130.313720703125,
      7885.8603515625,
      12752.044921875,
      20228.3515625
    ],
    "gains": [
      -6.0,
      -4.0,
      -2.0,
      1.5,
      3.5,
      5.0,
      4.5,
      3.0,
      1.5,
      0.5,
      -1.0
    ],
    "qs": [
      0.707099974155426,
      0.707099974155426,
      0.707099974155426,
      0.707099974155426,
      0.707099974155426,
      0.707099974155426,
      0.707099974155426,
      0.707099974155426,
      0.707099974155426,
      0.707099974155426,
      0.707099974155426
    ]
  },
  "Wa_Rock": {
    "frequencies": [
      6.979528427124023,
      36.536746978759766,
      111.5492172241211,
      229.4926300048828,
      426.0224304199219,
      879.460693359375,
      1712.6741943359375,
      3130.313720703125,
      7885.8603515625,
      12752.044921875,
      20228.3515625
    ],
    "gains": [
      4.215624809265137,
      3.4156250953674316,
      2.215625047683716,
      1.8156249523162842,
      0.4156250059604645,
      -0.18437500298023224,
      -0.5843750238418579,
      1.015625,
      2.815624952316284,
      3.815624952316284,
      3.215625047683716
    ],
    "qs": [
      0.707099974155426,
      0.707099974155426,
      0.707099974155426,
      0.707099974155426,
      0.707099974155426,
      0.707099974155426,
      0.707099974155426,
      0.707099974155426,
      0.707099974155426,
      0.707099974155426,
      0.707099974155426
    ]
  }
}
